{
    "mae": 5761.729185857597,
    "rmse": 13435.18839366151,
    "r2": 0.2961004859104486
}