{
    "mae": 6093.5605008519915,
    "rmse": 13605.366927835123,
    "r2": 0.2781554831724856
}