{
    "mae": 69889.38934907461,
    "rmse": 120770.46663915919,
    "r2": 0.9335302642694188
}